{
  "project_info": {
    "project_number": "153481167656",
    "firebase_url": "https://day-drive.firebaseio.com",
    "project_id": "day-drive",
    "storage_bucket": "day-drive.appspot.com"
  },
  "client": [
    {
      "client_info": {
        "mobilesdk_app_id": "1:153481167656:android:7419f95dbe663d93",
        "android_client_info": {
          "package_name": "com.example.umar.daydriver_gamma"
        }
      },
      "oauth_client": [
        {
          "client_id": "153481167656-2ijngd6ip2otv7cbmmqonnf5ukedsm6e.apps.googleusercontent.com",
          "client_type": 1,
          "android_info": {
            "package_name": "com.example.umar.daydriver_gamma",
            "certificate_hash": "e9fa6bd54b6a522fbcd2eade5ab41d45ffabb7f2"
          }
        },
        {
          "client_id": "153481167656-v792sfp8jqlda7dmngnujirjnprlqgo6.apps.googleusercontent.com",
          "client_type": 3
        }
      ],
      "api_key": [
        {
          "current_key": "AIzaSyDAeAJkuvxvYZHDsguUn5a5C7l_eFZV6yE"
        }
      ],
      "services": {
        "analytics_service": {
          "status": 1
        },
        "appinvite_service": {
          "status": 2,
          "other_platform_oauth_client": [
            {
              "client_id": "153481167656-v792sfp8jqlda7dmngnujirjnprlqgo6.apps.googleusercontent.com",
              "client_type": 3
            }
          ]
        },
        "ads_service": {
          "status": 2
        }
      }
    }
  ],
  "configuration_version": "1"
}